File Name,File ID
XV,1kqhQ5QsixSVb0cvIoiHTYSHomhdV4D0B
XIV,1MuVqKmAFrB-o-VqU-n2fPoWemaq-rn-Y
XIII,1BeBHPYy5Qugu2xZzjicx9YecYgCASuPW
XII,1xcK1HgGiCzNQS4tFa78e7rrybn8PCEwo
XI,1SfvaSLF6i-y3Tn-yvNsDVjegPPfrSvKp
IX,1LzJgu3VZg_uQulbgY3YL0IN-yJbN80Mq
X,1oR8q213VuuwpAhp9YSkcQuz26Fg7fq3Z
VII,16ZKUHDN5ohK2rMmu2Na9BaBd5XIhUsca
VIII,1PGVcUxD_gzEKOx0wLprZelvK1S1Ewu7U
VI,1ZNsNgFL-fEgDg0CW-Vw6vX-Sq8AhtGpk
V,14SpVMR1g8_Dr9Eybfb9JrrOitKCNIUFZ
IV,1DgMWYu3jigdJscogI40XOxC_RNTIVYBt
III,1YbQllAEujpo1ht5w1n3upR9U3kjyinq6
II,1s1k6srs7WU0wJ9urbJKqO8_Hjts1BlKn
I,1wiqnGihuZYPWdGy-WBe_T1deahdsWxP7
859,1F6pP3RuxgYJU8aHUu-EdNvMKZatOLp-t
860,1LX9ebmKXFN82moXpp6yaVi1P_dBrHQqv
858,1Snp0EPg4g1q_LkPZUfBOf5Vli73JiLxY
857,1K9kn7VPxzrXo7uVNA6K5lczCzkujiEsW
856,1zxAsiYb-FgaJNBhzU8e0CMGDE31TuQxg
855,1DvF4xLbAuJKw7mapNFE04b1TsjnMbSIz
854,1BCCcZBgEIB2s0oXofBSFOBawnQi3ocfN
853,1JJchup0JAGeE8ipM7l7X5Rgfat2s7EvM
852,1IbYu9qppMFe4B51ojcrU8I0a7lJLTJb0
851,1lHSdL-psaDV55HkeHOOak16vE6QJXBRi
850,1g96NCzdGB-yIoRqnJ9uJRah9ojcjnWhx
848,1e3W45pLhBYLMhbDVxpzkRtSLtILzc7_G
849,1xCWciYFR4GFwRbGMIdlWCZ10O5VnSTjG
847,16Ol08DnWyFH3DC4mFh89KZ5pZ9FVFgE9
846,1HThKCD663AIc_Dc0J9JvcYoTqkVP2r6Q
845,1aEk4xMmMf80fvFejKoFL8Xt5SeqzlEVn
844,1tRDZ5RfIXZ6b4fqWmRraB2eVizK4HXvy
842,1574gnvi4vI4uuSoJB9fJmCMLCeyWIYAs
843,1NZDSrEiX84__Z-Lb7DwALUBgIGBB6tum
841,14wlE6FVclYg7DjvdrJXGmKMEnEpk8SUI
840,174qUSBwSeE57ggrndRgODrFpWQ8sckkN
839,1zLrUm2JsDvg_xEPFBSPWhfF0UQLDaxXZ
838,1GCtqbEhzPbGbPB6WLzyG-dDZwQ4q-tU4
837,1kYUSK1ahwunOtFhJaAXoaPiR1bNQySew
836,1S1HdygDxJ2HWmD0oEqv25uuB-efKBlbq
835,13OvGLNLwsc8fKC1U6lVg86kyosPsCKcd
834,1jkIWGEbFx2sWn9zAtBfzOZzaLCKf8w-a
833,14JN8Oaqvot4BDwdtUeOHgXDFyHZXEb2s
832,1TCI_NgLbBC46zVInTZT3OZSGd9rfkvpO
831,1VGFl3KLyTX6ala_TeL57s1A7IOkSfovM
830,1E3OihwF_ouGs9XnPpnouPa4fSViXqhIj
829,1TYNz7FiAtj0xkk7k44vZJAtSgRahtK-E
828,1WZMtWsCy35O4cZlbeCgNv9VUdCIZrTuP
827,1lDK09HQcPoH7FP2_VKvsPwPyTu4ApjSN
826,1oNiIr6CDjieVb-lxCyoYqsJLFW-wiCYf
825,1Q-hxm0X8-t7envAWSS9BbIrDvax8ZEy9
824,1pquY9R8-riLF_Om9C32SgnHIOOUmKMjV
823,1tkuzkfyvv8xQ6yXY6OssuYrPS2AA171z
822,1fTfYJc1YBQxV60duG2T4bckXIIhaaqyn
821,1_hhXhZ3cucg-D7L86ODvyA1gZqaZHqqt
819,1fSzq9SyvCqHn0G6WkKkgfvxhIZh0U2ou
820,1xWrgSzHxk88dWg6Kg7KiNGmRg8nZ8yrE
818,1kkdcDdkWiOU8T3sFvbKrg2waxOwzdw3w
816,18ANDHVh5F5rHK1Iyg4714lgxmg_ykVPJ
817,1LsUTXUgDMmAzQLbOK1AxQxe8WZNuUMuO
815,12l-dZues0XW6Yd9kiKmbZF5pPNi4dzM-
814,10wofAq-pF1gjDA9AnI_BB3rMJ58CzKj9
813,1r-WEVENlHx5Tt7WaWYKzRsvJA96vRx9C
812,15-QHuBYBdXCQ4GsjMOQ0II6hZ_dLj6Tn
811,19NySYdk0lP5pzkCy1Qk7pXi7bTeuyqcV
810,1FO4S4IKv9oPBB0VQ_x4YF6NmgTxt5xqQ
809,1LCvH481L5j4EsZXNcCsms5Yvf1VipY92
808,1TWXPnAZ6UAVbBqdLjCgFbzh3h88M5Jgf
807,1_sM1lXK1TSmOgJlZUz0aYPLbx5EQfblo
805,11XXXyyhXCMZZbtHKJdZzDTY4jgC1mlet
806,1exoxR73QwfSLueNhmPI4uzDbLSU8-hqI
803,19Q8LacEJ80yrpRgpNB66Qo3rBJZtStKd
804,1ktclV3qaiKhHtf6xVZjJzAtqBeyjuO1j
802,12S5AM5kXEy-MmkP2ryUufgIjUg5xnpPA
801,15145KH9M_r1ePU74vTjNFCoHzL1Y3qSi
800,1xP1SI5CoT5fCfVWn2quJlPaOj-z7TyzH
799,186cFsD5MU_CMy3VUeXgFO9hU-fXZtQxD
797,1HFRxsm8kkSkm9KZoyil18KMXOG1aAgXl
798,1dIr3SZ3xsbsyih9wWEwDA84KICb1yZPT
796,1iFdLlhBuZ0BY-tamEIzFPcIVqczTxGzz
795,1j98ltw262NJI1-RpX7yFp3qoephyPG6z
794,1PfjN9fRXledD2W8lc59_ilCBJoP2EgoQ
793,1-Aqbhh6K8NKsiNTp3DvRsheoBoOkUyFv
792,1ktj8LzJBS1UFqjYs6EgrOxiu2ey0JPck
791,1aMimIMeS9MtH0wghfJP_Tz_Rn7uME9c8
790,1LJjHGTsm-s614GR5SkMp_L69wh5xvViM
789,1b0DkMaxze7Y312tXywW3DagVgOK14zCS
787,1MDgxikZzUUCvyBR14Adp9PX9do9TV4SL
788,1powapr5ltSgb6pItTCczhfxeavEdykqB
786,1K6A51zKyEeBoggPBvu0YLR1aOKsPs6Gv
784,1lws8yJWkg-KTc-yxVNzHYlw5igLrvf97
785,1rC9DLt0Lvm0PRoNkEe9ak0RCtsSQ7iWy
783,10va9j6UWmVyCFG4Gyj-iGxJ0R9XO2IR4
782,16uN4rwu4zez3easWhiYXDBRuS_ETylEl
781,1So4ElQPOGwoeO00MU64IiA345IxdNBuU
780,1jCwKr2LOuXOVupqFiQ_J_XB4qpheFf3Y
779,1uuRYLVGv-GSRBmn4gM50TrmLHiRCm2aH
778,1p0E4ph7zeeSPQCSKqNZoSetdaYYslY4q
777,1HOSabaDnXA0kOCRlYfm4I82b_DhyI9Vf
776,1djIYAkb0iDuW8_ooOcVI3mPt22anjVQX
775,1eBDhgQdBe-oflNvYJn3sy98g6vF8WBuq
774,1DMvTNkURzl0oT9hTS0k6Dla7RRG4DS1t
773,1nwhN_NsU9ULDMMyit4HovE2LL3vzOjsZ
771,1HuQ068gAKpjsjS0dZkvln_OqOWwUHEE2
772,1RZuUBzSo4sqMRlxBvyVacCxLFhKexetd
770,12vHC-MbR-MeL1uDRmslNXf-5IEu9xJLs
769,1944KHkiNtl8sBXc-e0Te8-tfWrMVswnk
768,1KGptQlGoF4g30XXroaYe65WMagIay3wS
767,1v9UraqZH63KDJ1ownk-IoQw-Ip9RM3Rc
765,1bv6FKsk0fpOT5hGf22AFUwp1J6ddG-II
766,1dacwtyIuQ0fNZxxioBX8oKMOT0ilY9s_
764,1SxU8se3qWLbQqBQqFNHbp5P2z2mS4u7b
763,1WwfaXDHpKxrxErWP15lQ_h0FUolsjLFs
762,14rZLoEaMtnQzCGc2u8rY59BrazEe62lc
760,1ASLpoDxhGlJ-eoOJH3avzKatrOoiWykX
761,1ifaOoYlJOxxPTaDYA_jUEuz3ESj5enPv
759,1XQEZ9uB3lhtxmx2fM4gQxBFpQQdb9CBb
758,11cLXwI1YR8XHLqJBD70ezQxjgN8JPUr2
757,1G1iUfhhQRGdQJAdDsB90sctG8HHDRdEv
755,12jIysH0So8N6aczC21-u0QNGbiC0UXCo
756,1KOUbEpC871vvz3elcoQG37VtLOtLSTez
754,1Dm7mBI3tKJOMAVCK0qBxhsqR5hJK2frl
752,13rND8ETe8DbzPkVqaPp_bzOY6tLXizje
753,1Pn7QSLSyUmaCynxCCwLPUD_N2dgP4rA2
751,1WM1Y77FSzvzob2BoD7vvoB3WkQ4kZjA4
749,1pMoO_OYQ2rYv_u3HY09JQjKfXbfFx3_m
750,1vE73a7yFnSBUsiXjFmqXcuWWBQq_qyEl
748,1MccIbXWXJRhVxYtrDXHJYlXG1B-wC7Vs
746,1TsC0KwJBvBntizvxaJFAv8Sv1KRmlLBU
747,1kLLlLYNiMrv5f8e19oWL2MSs4J_nnci0
744,1C3f4Kd2v4Zg6H8ufMfNNhE4VUDSxUlt_
745,1ZiKrcJBusXqSRjhKGKYMi549aY_M97WI
743,18G2aC3g9iaxmH59tq_0pStKcwFT7zeRF
741,13ohp4LVjij6s49w0zhgRIOee9oBpXbv6
742,1j1sj1LxrOs4D6q1f9m9umNWxQ2g_jMBy
740,1Rm73ipUUJA-T6A-ngXsItwndzcXcTrq-
738,1ecy0jwRtDRDWTTxBlvp_dUsIU2ggh9Vv
739,1oGoY_9Za09AG7xkyThoo9JMmSm5NCn1t
737,1BFpADmM0LFNV71PLWn9ZVkvtHYl0Dxl4
736,1vHqEU3_5CGnAEcyP-fRpYV7SkyGa36Sw
735,1w4n3nFJW68BjaoORhbc0-yU8zGvhKBLC
734,1L86FItpmmaXKyOPbJN_3FxA6Rq7TxJbs
733,1esQRj2P3pcJb1EqLQqYrOVJBZ1-drgrM
732,1zTKgPMeoGtRcWu8RskQYsRUV8cDfmSnz
730,1VH19Xq6gU2d9tC9cUA6ibaCGmFKCtarR
731,1WInKSoURmUje0k9u7sZW9ru8tnMolT0V
728,1QTNa0s-0xuM6FRt23UReUMJgCA0s8b97
729,1rqel3t4VCzkX-q1lPTesJRo40RxYZAgn
727,1yJlGae_LRp_ezOcNLdyUX3LNrV8bTVT8
725,1nu6-YE10XqXXc1YJrCPmGOtqapJhGow8
726,1pT5mmSxqRYnA0Liubr3VK3bBJJlxAB1J
724,1uDrOTB18NBVNiPGemVtrXJgF33Vf5iAV
723,1ZT0ZoDq4sWaQFF1QYGtlbYAd3RMkLFuQ
722,1lRIK5QRdOnDmOaZsCQjzR6C-TqN6JfBX
720,107BJOrddOVasmZcRf-EoV2V3NSxxGs6O
721,12dra7joMLHh8-dU_9AyFMuoxECr0Mi7n
719,1fAhQcxD4oypYlv5_CYt4QqvmJiC0XOl8
717,1MBc-o4IhJ9dB1W9YZgEUQCkK0u0bguV5
718,1ZfWfyTzIOrQv1bF0ASOyZV-jzGZIHiww
716,1leRCR6xIUGjg4wj10jpvkgXPgZzckSkH
714,1DeKB6F5fTpHXxse71FbDdcXH4Esn47sg
715,1zJAzvQJqaVZ7WAyFgoQOiL8sbg36BD7s
712,1MGFDcn_NfrWG6BTJa0UZdhiGMIt5biep
713,1fVwjjQvQel-BOz76jpiHAUNJ0p3D_MOi
711,1iE-PwGbJPmwKQ0OoAqULDkKI3gYo2nYg
709,12ypXMtRUyDhsE1OOW9TXpqxra-lwzmNY
710,1Eih2zSSh8IdeTKbiJA9EPI27F5trOXh1
708,1YTE6VKE2T8Y-_lEvMV5ODPx5b5kTjnjL
707,1Stq5HcHHA50IGv64x-AUTjn5m4qlC5FY
706,1gVJs5eOw4umG0KKKvwNsvH7OnMt8UoD4
705,10iump9QCNN9Mbzj_qGOI7tD4BILl-JCz
703,1mybPJvUVbI_jiPhS_hYNl7TREzfcZvxc
704,1pdA-wXK8GIQy6ofbnXCg61IxlYM1eyqu
702,13IY3-0QTftgz2tbl0ENE9iRiahskJVzb
701,1gpNuku3SsQLuWr_vIt67666ReCNgXHLG
700,1P9cVWfXJw15mR_9Ip_tzz4sDIJ_RHD9N
699,1AhUNPctloFPGDD8YRkQ9A5YAm2P2NvQ0
698,1spLWb-eLiu-IuE9pvIYwjKublCZAil7P
697,1z9II8boGopGod0Pu49wc_ynqjD_llQpT
696,11Sqfsi7a4rhdceDfDDa26oKWXMK5162-
695,1Y1qh3blr5PDrHEsaV0SOnv8s8OeCeNox
694,1q3FBWqwWdwVaki_UUq311ENuFFajmnSM
693,1uD-F_jjvEBbrhk_MXn0lFOA4BoKqZZvm
692,1s1gITVU8Xcccjf6-4x9ICR4EuXBDsUBX
691,1I-ayy5f5tmSxBf6vJ9d278yKTyYzx-L6
690,1QR_IneZ7broC8QpZ7UAjDIJWcFmG0yd4
689,1u7Vw6tbyh8Nq7NExvWBFt1euz5nKfo3N
688,18ktZJpb_8WXNMohvGwkdrjvactq--WyY
687,1xQkzLeyFVZjw5_x3RLVHEzetC-c6R1kP
686,1efrbXiV5M_VzOnLRc4wUUJRB_MtE8Kp9
685,18QUAiMID9MYgH9v9MX6lQphWPsWNirs5
684,1zFDcUjYiDmR8fNgXfERx_diFbZAt4lnk
683,1IXJvGR49-58q45nVBAVBHi3H7EskPDCi
682,1odJ79Fe2bs6O5AliAze1vRlQPE729hSD
681,1kCiOHPab4qWVKgMLkx852Ra7IVNjWjuf
679,1Eofz98S5rCOnzh2AbsOVFfmvAsFfRe7I
680,1chFIo3-M_CYNDKjvyzgE8ZzZTG1P9xRp
678,1U3eQyAYucDZHVWm1_eZSOybMpK6BX7pQ
676,1L7UGqGs3nmV_W3sz485qYNltKH42B_aQ
677,1Vhz9xUrEyFAY9NzREJxg5BcrQ0I8RO1T
674,1NMKH3wbgnRZH0IMDGSuUdXZGBQPU0a4P
675,1aHH4YKln0lPxRf_pUy3XA7kUFikQwMMa
673,1PTmjzHqA-c1QHEBGO1XBoAuwlYygvk--
671,12KV2KzNLk2ajYRDVRuJF2v301GaIJnMS
672,16DHbv6UQwhjN2y5zo9rL9_sjdXqTtne5
670,1UNaylKqFs2vAKIhtsGftIEl1s8r48SPS
669,1Dm0UMFg-N8PmGQ7Ely9AcJyrjxplwGOh
668,1F0vn7IBd9_iEiyu7-CkoTQVhVlKQutOc
666,1ak6rr_IKGf9qjhWAimABhq8mkzuUx8TJ
667,1r0V4El4ge0GNJU9mo-iGhQIcA_5CdjMD
665,1PP3laAHfkIi-0hS959vo0mRykF9fmrtI
664,1j_j7RpRp-wdWPVd24lG4gq7OOT-bBhQB
663,1pAfTdPNaFoGb_uXU8rSSEHPLXnjU4PN4
662,1sYsejQLQy0bTBhVFlzXs2GKVIOxlNfWr
661,11H0iIv5f2V3WeZPP0XFsJF-D4S_pGpkx
660,1ttSEHX3uJL8-L6FwyRJKFszR5Z9Y2Qv5
659,1G9sioTqRaP-np4XL35bD8k9hVm_lFg6f
658,19u2QJJD6DwjTyAHicDb6VptiehQPY-en
657,1TTtIjggZbGuhwZN-lJg3HdIlSEI9VqVn
656,1enFrOpYKrYjrEef_bexUNuiM4JKXLAUB
654,10xgJQQc1GdMc5WSCqFl6PVaAmB3U6_xX
655,1ySFXO-vsRPgy5lrOgzlaqklg7H9wpjQg
653,1gPm0T6DnbIOzwhj5dSMSH_k2j5MO94JW
651,1W2k-C1z26TI9GaosGqN7zmsOZIYxGbzD
652,1uki2ASJg956GHkHOZe6X6RfhNyrZN5Jq
649,1oCIrP7Viv6J6LaJ1eFPna3PhouBEsVlg
650,1zeypa-sExECYiXNcUvv-mom32fIG-spz
648,1WJB5puKp9aNklvjomRovfTZkS4Ez8Whf
646,16bVhv-YTg6lL0hzcVEVoWnn9ODXszE2u
647,17HPYXE2xExPHfeA9YFIsgLQt3_qzLrzm
645,1ZZhVT6HRW0pYDWb0fv-0GXkwAuAiY9_u
644,1F_-zu8FIyoQh055LpUwTJFbhLHbDC5kG
643,1ePVkc7zqP2RAacmPdtsLREzawb4qX4i1
641,1Yo4ybjv9KchSbGKTD__INKWZE7aYOgaS
642,1oSAJZ5WxszSAn8tbZjr3lYYTSdrsPQAt
640,1kNcR7peKcKn4zLw_SStdKufzc507AQQu
638,14FpHx8XWC_f21SqPEz3YQJpUPPb5ioH_
639,1NL7krFoid-qMoyGTLq9tLftdoLLME2iE
637,1t-zao2KuVP8DN8KCcRLmApJ5DJmTst_k
635,1AmgVPZBOJv5FF4m0CIlRCj7eX5vFFhLu
636,1ZIvuwc2o7IAhKxS6C6nhqntseOfvSw0K
633,1H1XXnsl82Ca1ch2SNPLuKzwQA030foa4
634,1kpUPzMwr9CuuKJ1xOpUD4DXR2-PBlN-u
632,14loZ9uHOUyP7YRx_YZAdCbri-NMbINDJ
630,1Frfqe_7QxhEaDbkNKAMS5ga0gNWa0Lqb
631,1q_1fVWHoXbKrFQ4YRgXXHkzehdOWVX8r
629,1eitnuiCM3wQkHV4TrMNgFlgk27zfozq4
628,1-IwRkEuGfucTFeVdPpEnuZhg5jKsbNCk
627,1w8DCJQ06RXZ3u5rxBfXfW5IXpPeJu1D6
625,1HZe-neXQrc8f_UbeK_HAXjxY-VZOM0-t
626,1sSiaDnNzKPXwWbWFPX-KhLezS8XM43FR
624,1fP-thGw1RJ2slbKOqQWDhYmSEopdCzIP
623,1ImvPY9h2iuiyWt3JxNF97RcCk-Es2XRA
622,1Rg4R3JX8W0vKgHO5zSNMtprdpkpPKtz5
621,1SwPQo8wcSFbFaO_l3LND-Goooykd0-fp
619,1lcq4W49SFU8vXtGj-rTw3ybiKwg3zaWh
620,1uD_edPvjZFlTtUg5sfRUhUrY5IHOBYdv
618,1MTC2nWoQKWIUtzR9X4KwqaY_nTh_M7lF
617,1SRIT8qNY0y9w3FPV-lhp1AbY3XZITcfS
616,10LWYLPK8qOA1LaLvbKarcnLBf3iRFoKS
615,1JqiM-qc3bMTWy434UHSrvwpK9Q176oyE
614,1adCqOnAuPo9khU5xPaeBvAOgkuqmbdig
613,1Vf_v-SW9dUbUm6-dP9H_7T3Y_5eDaWPa
612,1aGcRBtjQBJ2J7inB3M0HLE9kYVMi0QAO
611,1JVhmTCDs78dPeoBHZAjgGKcqKI0eVCcV
610,1pE_CekP_v1kBkkbUa9LrHPIowSEuFkRU
609,1xxv2F9KslmaHD11RwB2sJLOYEqOaePWE
608,1AVFvt_8yS2FqlEnvVsVNz_UpRi_YUrcW
606,18wV2xPizp-Ea1yn2s9C1hyzJGJCe-09W
607,1g7no6tEYYDyCspj8bKtCPDtQNyFjWXSZ
604,1jmEL9CwxfR_4TD0ZaTFlWGuym7BzQtRm
605,1y3o1PcoyAlRxRe_FYjPDl-Dd8cyOzMYd
603,1sD1cATpADDZ2RRSMRoPtAP0KFd6zZdd1
601,1-xdKl1GuzsOl7zD0wQ9HkMlFw6CAlnl3
602,1hDGQvhhjJ71j5pOKmibGiM6fwk1eLWv3
600,1DT4RV0HIoHaBk7Pvy14pv5eWHYmPOPj7
598,19THglgeQHYehYdoNFX0krJkXueR0qM1I
599,1F_EFzJi3kFLDwhkV6TZp2qwTWFIN5xO3
597,1-cvl_7AmYoh5AM-zbsiFG4Upz8G25uV6
596,1DNdMw1Z0LoejEsIZwIJU-SrGlgSMwccz
595,1ozT-Agn9kEv2JxpNrdbisLGirbHRC3KO
594,187_1rDdR4jrksNE4urBq0Nlu8cPgE4EM
593,1PSzz2yLWbxmEFKrz0FVb_eaneeaXQo2-
592,1zh8root4EIrdNDQON0lA46ZHONEkLdl2
591,1KO2stAI7OqA-jDkcY12yWtiB5P_CQBes
590,1p2rrzij8wgxkrpdRvWL5BYRjlU5-4ReB
589,1XhRxcUr1byVBuIOuSA9td9L9vz_6cjM4
588,1bfCdq8K1RxPfmK87woMgItkMiLR_zsS_
587,12iE98fI1IxxYQwu8tErMWlhBzggr9HYQ
585,12txXXaRq2C5tjMVdl_IehycnFtRhNoTn
586,1PCLR3-8cyorYl55k5drRY-A_9hpzsyH3
584,17JlooyWnaBnunkwShalZA-UEeBSsEeZD
583,10ode983es8leyUATMPMiCfR-Vn6ECknS
582,19GvHPd_ArFiEoH0ueng7pHYehzYbQP8R
580,1T8JntXVp9aHHZCHdtDppGN8MkIR1gDCL
581,1dEIi064-JzPJ-TFlrz1W5nd-5KIohZyy
579,1eCdFsdm-7ap6I1FZonNPZiDNvgTC6EdM
578,1GoBG0A1g1uXQGopBWxv3yBxl0pQRQQRA
577,1p5my6pFrjsp4vW48_EB7eKwdDb0xbWlF
576,1ecrC-BD0ea9gSHbAYmoF0I84zDwlrdHl
575,1Q5WxZbAPcWTq7iZnYI8qrM6HhOYCncUQ
574,1uLyuBMefUNHC8EQnzhe-opiy43gRoH2T
573,1_XhEnNgiCGBI5_pO3FpuC776KaO6qAoP
572,1CWNFHgrb5B2BkfO_27lVdVMYHISJnCn4
571,1rOdCCbS6N_1WdXIP4PWADrQqel-d7--A
570,1Bcm630QXhHZC5lAgAonS1OWly6_Ti-vA
568,1ByiWG1Zj-y92OZf3rzPVm8D38rsQgNFc
569,1sDExHclu1rLnRg_KQ8MGNi7yhRGf4MyO
567,1c5anB47RmFGD3J8ZPgaYC4vyXhmBZ8Dx
566,1JJi3DlrBlnff2SZcRBh4vtO4CCCjDNht
565,1hUOnxUqIYw6GLGMU0IxehvsLaVjGQw0K
564,1BsiBKI2gHRFcUYoWutJA2RXwWg0a2b4Y
562,1ENMeiWU84u7d5JzsaKNqGy8Wby89eFot
563,1Tt6zVqUJDtkVURS2pulpMupZe8wlsQLk
561,18vkZWCGk4f-x0IgqLvWNvUFI6roWyV78
560,1EQt6slzN7OKe4KKkvuY5zcuvuKgM2X-S
559,1sxGl86DoMeP7jlMhq44IARYSWJfm8z3-
558,110hbZlyQUcYvsKg9Fr_SvWdK28-_I4p0
557,1bhLKrxTampqzJB8k7rq4PkuQ0g_coOla
556,12dILqLp_mYFq7HB0QIBF51kXYguDtMKv
554,10ADn4oLkwt-zZR1IMwAhpAukhrFTFNY9
555,1XCoMsCp8yFrowHkJMl2hwHur4u7_9vHa
553,1iIYA1qy3J3OsYz6pDTIs4dS7ahXMsBLP
551,1SqgBnD1NuyHZf5Jh0GnJGIxs0AtebHY-
552,1zdtggAQyKyC8vMiZzcUaMic6dyJhNP-v
550,18ebfi4KQNO_sUAhUNa0DsG1ar0lAfs_L
548,1XFNxJJDLnVkRJ5TomHnaHyJwDo-0p-tm
549,1kZY1z7PL4m2grvhyx7Y8B2zXOw2WJ0FH
547,17qzV90CjsrKEXvZ8HsqaZL-ZedK0eLCW
545,17k06UZiOanO-TigjPtKIe0BtpbMlfPZ5
546,1E5LUlSc2tO8iB7kCyxRGkvASaiAhaX2l
544,1LMVcJdGpe74r5xjP6L45hwel_r3UMxkx
542,1j5sEiCa9NByfuiRPLL1y7ejb0FeGwvOL
543,1l2HppVqciYId0vSk1zf37m08Z3khp3PW
540,12AqwPw4pBRSpD4nzUMMTwJGzu7MU7H53
541,1sa1vkbvoNKyw5Y2jmZMSLUfwxd2eyYw6
539,1i9HdaGwEpl-zttZq6xIGsJx5Uu6XBfOu
538,1R99e1ElZDI2_R50AhP1ezSjyxcomAF2H
537,1nSwCWuUfIbdZ20WN51Na7hEkp3KzEt2L
536,1k-smvq1aM4FMQXHpWfBqR4L1x86VzdU5
535,1MtYxiJUfbnast_-Rqcgp192Vsh1GlAMU
534,125xfknHwbQZCft3_eMGnoqlEtCIAuNyH
533,1c4FpJg1O8h2u7_35Pq1xgdfNkrRN1WLI
532,1FAbMMIcOYztUOSohuYjE4md8f1C6v0F2
531,1jpgIsjGSmSgaQ2KeIatZqXKyq4M8aSHL
530,1hTdhGjCeCv_mL7tnicsdUWPMRebIvdOK
528,1OPwERXME8bZ8dTWU55TsRdm_si328DAt
529,1P9DRW1guubJiOsg8CmzklPn0shAzlvXQ
527,1tAJsCv2FlU0BBx9CEX5mT7ySlUnFaSXM
525,1L4cQidE7UsqQa8kmKCMCp-KCz2mziRAs
526,1cvflR0jeKUIoeaoFmNG9ha_K7TbD20hu
524,1YO-T1p372XgFbM65dmOR83K0N14aDsdr
522,1LwEOztlToX4-06jW--75h1NoA9tPfS2b
523,1YeoCadUbSzRyb-b_-Eh8kCaqY0bRWAkE
521,1eGse3IiA0iT1HP5_Z4boRDCb8RJiIjx0
520,1r1fBYxXQqAO90UfTkaQAreDW2-xpObJQ
519,1yVzqC6WvwD-kr4Az-561ZFI8p-2TTOJb
517,1ZHVWoe88Iw_tTcnQOutcLp4G_Gj-J3-I
518,1ZgZDVbxgDByiMlj2U0XfFJA5Lo0EatuV
516,1_YvHB3odLB9X-sn6EfPWdJhDlSJnrdL0
515,14MNktCGYkSXmyr-WPSl5I1rPQ__2TNsv
514,1Qr5T9GyfzyOnH24m1NMpJKYR7YDdong2
513,1RoOdeZpgh3954-vIqKcnR0cXuFGbf5hU
512,1WjMWfCBak43WnYoncSB030-cvJ0qK6D5
511,1dvAV0u6hnICbcTxFIVupzjNcwnDR5AGi
510,1Wu-eU__k7Z0lhBalxKPo2pc4C3uYGKVP
508,1c7o6oN8lUYsJ5To97fWgs_cV0vPdx1le
509,1z2A2arDbOAfbGfYNwzQDZ3nmmM2CUgG-
507,12-EMeDuMCziUQSUTu9A-YthWU3ZFBIGt
506,1-hXNzuKRG1TVtxOYxjLBQNoM3CT_26o2
505,1rHULlDvBGHsB93wrZCw9KT03AAizl3pz
504,1b5vpvAECZOgMXiWCaJ40AEVmkkOGbzwb
502,1168qNAIpiBXVEdyYFaPC0B2PZMyWhD49
503,1Yn7vkEKJglD0W9of6CKj9O4kOELIoE3_
501,1CLB6_tyx2FA9VSrA5R6BVxbjGvcOjXpr
500,1WM5hcgb3xEaMo_yNs0E-Cxl6YxWAwWc5
499,1r9nWEaPAPgIkm794CZcfWB84XWwBODKz
498,1R5aacG35YwH3NLBHSNXL21JMGrY_iqnO
497,1lQQ0N5M5lF1tV6Ex-EWHYfcvAgK-1jrH
496,1ywXYPNGt7A0HZXb_hE-sFUonSdu6G6J4
495,10fSKrxEmb8JRUnHrJqcpkuSygJSezkcN
494,1zSW0TLxybYCUvnRfVbqvcitxbM-bSRkh
493,117NTXs8XazpYpcNgUsMStyroSEaUuF4c
491,1oZ_MhqpbhziaL64hPU_2nhXbYOgHW-OT
492,1wlWu8ie3tnoqtd1yDbLaEujN0x-oyMnY
490,1EqPcyTiTTEihbvDfLMxeeg8kkteUUGGw
489,12eowhnLTrS_tmkC6TJWfQCCvVwfl2Evc
488,1C_0wX1fq8yJXc97N9n9aGFftHcwSeIfG
487,19zeW7ilk2QIcFAJcOjkQ1Z3a8P_j_5Z6
486,11fdVgXVCpwomWItAaK5vDeZ48CWbMvM0
485,13w7pwiBU0KK3oDJsMbEgM2REGLiO3AWO
484,1PkpJwMpNLuZrO0lALJiC1hF8bob3cpsK
482,1kZGcgWD1EZg8V0HbUmUnbOE36_WL1xjl
483,1rCrcPMKSpnKQtl0-SDvfzr9HSd1dyO8d
480,1NxuMdD2nwJWPrPqsVBZ_AXdDoq1XArUT
481,1oruM_XHRUjhgQYFsnzDmC384-pdLXK46
479,1J-exHRSQrSGqsugJH-ocQH7JGTbXhfJF
477,1N21jseNvctKKdbg0pTSMCc420fAOQDAe
478,1pw3ayKvNSEdWKPBextIypAbUE464_gFa
476,1xaQkGc1jp0NyWMeGN65-tx8gMiqlInNh
475,1_juF4ac3xw92gORY8t6TKxK1JbXb6dAD
474,1vah5o17EI3uTgvRVk3ixzO5nq87Tjl2M
473,1gQDAgby07mx-2oVV0EYs8zH1_C_Y6xs_
471,10vgq5ewCOKHdxUofQed8vvznNyJQrbzq
472,1zpzmJ2SiH_3APFgJpNwnIWWWLxmYcblL
470,1LysRYhsNSFKNaIU8HqtbODDE1RCimbs0
468,1DwXDSVL9JfdW2pps5fT6ZMkiwEQ6aTsX
469,1txYuUooXdP_7HyjJSrTrEptCwDwDiyDa
467,1iFhe9o5Xy2rjiYvTaWzAbhE_9QDsRE-u
466,1-qXtMU10rb1b9p9XOo9azGkKUbs9AJvu
465,1SXKlOfJHSuU6HZLRPa3aLBpGfzNpU-iV
464,1MgpayiTdAlkKXYx__4lpN9GxgRixPXSO
463,1A-mIlYw5Yxn-S-uwe9aYurkIO8iGCmR9
462,1rJ-fjc5Bi9bjrHSmktK6hR9kdpJPY0mv
460,1KptbXb6tptRMPs2TBHLAMCBSer5jx0D1
461,1vhVSQyyF6b-NlonxIaWWp4W5PFrCXPrQ
459,1BB-Nzf1j8CDwFJco9pffUQguRa26lCdg
457,1Rb5bseUJKs8kTnpkdFH0f-0jDPNmhEGL
458,1zBmVx_HlOtzVyehoSfUkhDDGm-I8P4wU
456,1j874K-J1214Co0IqoRkxzmKMfpja2iJ3
455,14LElPxGk3cewWqbqelyW128ucC4g2una
454,1Tp_taRaEsvbYPF26FLZ68SucDdWS2XlY
453,1SnGm1_YzaNe8mx6iVaMZmx61iYa40GGU
452,1fD8-O4HDogwRZci0aubudWfRjToAhloJ
451,1sqIlncabQnz-9PVQNMmhl2mTamjp-tyC
450,1TZkNDaep_hltsEntVLU2bSbFGG1ySXpc
449,1OESx8SDuqudtYVDZrWHr6EtamJJl2b1M
448,1usRkBXraTkosdTQw9HHxUkE33LU35M3E
447,1nOOEm69O4olrHEKUjhJ97QK0ngwepUZk
446,1sjNb4FgxPe7Exro2s0vb5NOma-dVlSPA
445,1RO4fZ87SnrIRqjO59YfxsPniLB9k4Wnc
444,1N7zj2e5Do6sPPyD_e1iyoprPspM-Heaq
443,1c8e4uZ_v1GkV0cIgACPomEFk_nKqWDLv
442,1UeCRIU0FOBxKmh_TrGcw-fpkj3K4WpX0
441,1iKKCgWwf3DyzLddbiHRzA3IP65RcNrNe
440,1yJZLYObvkZ0uRmjGK8BSYz6KsLLuL6JO
438,14H-MnT4LgQnmtBZHbhC5HGRN2pdME5dL
439,1CQ2t8mPQZ1oLhmoKK4DV4s3bw-LnMyhW
437,13h-nb5H_SfBahCE7d7x49PEKNFVEs1Dx
436,11Zzx2QUImMXbfkV7QalsxbkI-Ro2qv4v
435,1QTxGJ-KHt8NMGB9u74Ksdkly7aJ3xwJZ
434,116qIal_6oI7wG-JWglr3X9qRpZDwLxJy
433,17Th0l9NgrKbo44DKzWk6VmNmTJsw_zkL
432,1CmV3LrO4nfBNlb6X1n4U7V3i_6NQ6bUL
431,13KTMV5uUatCsXUSgpRGSXaBmdwBT_76K
430,18QUOEIjqk0XgIIB1qaGVv5TqJfaMEp4M
429,1XVUQgK1317R58OVL7SAYyTBKzm53Ce91
427,1ZxBZSl-kxe3Nlx0P4TJJyOQ1uFoJ07UX
428,1iANWw1VFD5ESk959g59REx-0ELhI4ZKm
426,1BK1CkWeHbpX6PcRYEzvm7BT92UR_tGOk
425,16FsGXtPCjHS4_eSTidx64yFSxp-z-ODz
424,1ao630P8JC7UtNQ1GVGiFUS1Ewjq6t4Vc
423,1Oy9ceAWgQiHhEWO4TuheSMdDyjwpCMoW
422,1m3wT9uucb3flLJhFymq-HLndj-vh3x6l
421,1fRpsTG3WYodtEiOgO8-ASJChczFprBad
419,1dYCZbOEC5xpgcimE07WJVWiX17RqqYnK
420,1vbjcZrcK7YKu9hYjx8SQnkBTugEOXkZe
418,1j61s7MF3LR0pW4ttaPB3Nc-Wv3fAG5MO
416,1eVRGmj7nl7OTex8g2nXpg5vANmH59ULc
417,1m4zGCNA_RG2W1xdFRWloDFo0qVp4pMqP
415,156RRT9ZkorCZXxTjJMAlTQQv6jIiomKh
414,18n-Dg7XYgI5pxOvXDO2TGHx-fmi6vMeX
413,19OIvIBA_1xIoy2lblfD2q9yvB9P2ZJRC
411,1BHzCQdlPZv6qlVc1-Gan8oTNwwF12MEb
412,1sXkICgA0zea2jJnS8QRZQQPZj3sK_vhg
410,1YPmRzbPxITP9_EX_eQva_8uTaBGMQzaH
408,1AqdK8QmZNSoWJRb3GmiMsnSN7ljoA-IG
409,1wj6-qhISotgX_eLKaInE2Z2wxFTbk5gK
407,1GyMe9ugcSa0HF5hcbmIVFCbBCQRB0upL
406,1uoI-MNjKlyCaCXEpfOWaruGoWuNcOFtS
405,1sUBMfN35vXw8lzaeRJcniBJCcKI6d8wm
403,1jE9SDrt0Bztz-L8d2vdOfVpBNFvpgTD7
404,1qgAFrg8GYiD5DKFkaSUPjKTAtV3hV3WV
402,1Ffzy3l3nhjrEgc7IhA3q4LO5Q3Hrhzba
401,1gz23WXZkIdmHr0KzaWCjvKrJQjYmNFz-
400,1tKI3IWq5xHGr5c7CKVgjY6XyUYChpPkg
399,158y1A0IGFkjRf9YxqKZqfkLorZ95oTMQ
398,1PeuUwthQ6KtMOr7nF1DjTWnfZbkxhS3L
397,1P8wCRUNleoHvJrM0sGzAMX-d7HMJLZg0
396,16FiuvHtG3iJp7yMTMvIYE1TlEMN14ZCP
395,1F72jrQIkTRtpd5nCFe-NvBhz4I9OFRx6
394,12iq_0DE80NfVH7DRRsEkNda6ieC7QHNW
393,1t3YStKCWs-5HlWaM5owYQwJ0BEjC2c32
392,1Pdhti0O9isGsTeTI1pBc4W9-NhoZeNXy
390,1ThBJwYZ0ddKjpFGQRb2U2zAbcIDGztRK
391,1inMaVu-wq2S4BVV-KhRxxLz_sAW6tfZN
389,11XRe0Q2Ec4JYKofy0TEJMZwKZ0NY0R52
387,1ObzQFaYIwlmEScnY2ub4v7c0WIKZJoxY
388,1VvkgCn2dSJo7FofxH2WnDKgS57ctgkD6
386,103wXo3GJ23zM8vQ1ZjhFq2SThtBk3P-o
385,12Yw97g58f85J2ZnJXqLI7-hC2xBuxYwQ
384,1W8OwZSjtU0eHfXQNuQev_FdJ2g1gtGTq
382,1FjOA_4VC_qEt3wrFFsp_dXEVX7gfSjKF
383,1pgkMnn8MKWr3dWrmp_wTixPuvxztw9l7
381,1ZItTJGO7EZQV5ah5MeUM3b9LdskfSAcP
380,1NUsi7AVKdmVRGus0QPaowaHQSLqBZ-4g
379,1PFSDUfKCDLrIIJdUJyvFdqDzgBU3lR6s
378,1MwUWUJTkG51DWPWIxSZkc1fcYIxhirRR
376,1lyE_UaBm5mOpBCFK7MQfn_3BvXpPdjD5
377,1vowx12mRBz9CDL4_hLXkCbItjfe4zHyR
375,1I-FVh__nxwhC76bko0rl-UGubYKpzlCG
374,1lODHmBNQxhHDCGbi8QXEplDq7We4tGW_
373,1Uy6Cot8ADMunYY1sw_nSestRaC3hWVTJ
372,1FY_ilx6sf8UlGBuM6T_o3kTbQ_EZpH8a
371,1Q23owjvXVSW_r3M49lAVLOSezVe7XniO
370,1L2KVZHeA-Ra0ZNfgY8POwB2nn0BEfVfl
368,1OWDlj4RygaUWX89S2RLpADd4vnQ3UW7H
369,1QQlI6G505rI7jxKCj7q9sHpy1t3cA236
367,1DrsOKKX8hOW7Yga59tad1M_6PwUYNsFJ
366,1d4HJ5IXxs3iSPnHx4dFFsnejFiFPr8T_
365,1gecmePGF0q0-FmjAS-ExqhoIzM7i34Gh
363,1yCnThZCklJoGoAU6Kc_2qwOUWIaxxTjX
364,1ziKv2SNT9TmvK-QDySmIcOm6W9riTejo
362,1qQT25hNz6_KtYkzIdXPJbCiO1I4_Gx_R
361,14txC2RSGVjn36TaKyCTQnq14jA6qWoBp
360,1ODytvmVAfTdi-11bJvIq4JbEaSQkiVTq
359,1jjXXsuijS-oDm3XdH58S64pwd5q1I8zn
358,1fJdG7pGuGfbrFnWBUE6TcvPu5gTXOyKI
357,1ySNONyJ2KlTJuRN1Gok4kQvlgDVcUTb8
356,1HMmdZ0lsVH6hkk5rVOjS7gG-J85zQduu
355,1u9zzgTQ2pE6jKx0n4oJzDGWH1jNZ2UV3
354,1hsLlA4yKQbH5oQtGQ-N2uB_gX0IHvxEh
353,1Cy1Lk7JwZwMrM9Yhd9WK4hBrLyceYJys
352,1y7F74DoFVQhbZISSRtRR6vyzcluYTADh
351,1-hYBNfuPFgeWJr3gRPw_XKrelRRnKa3X
349,14r2QEdubBeLXOJT1yGFWuF-6e1m_FEiU
350,1w_5Mx9369HlEVL0Vf1bFN9D0jBzUCol-
347,1_jVgoHx6ASCuS669K-opqdk34UjUlnpO
348,1jvEWeIVSGHe79HN52j7rodoorJktOsdT
346,1QCe1dn1n-F2UFOFOv5QdXhjdPq-1agQa
345,1XXBxhSnHpA7YVuYUonvFhhQP1tsUpOdB
344,1zyJhHycUYnibWBGLWWTZJe6bu6R-OIRV
343,1XBl0SFFTDaAAOY0IDjnbl5wCEDHL7Wrp
342,14MSkW3nM-EKU_fEyo_iaC9cFLa0ceKBg
341,1bxYDD8n8sYeSBGyR0pL0dq_6nB_YTwrV
339,17CIeZsuwc3-tmceAVmks9tSWccwn3h9M
340,1CGUoK66X8afC5vIM0DkrxxRPKy5vxkDc
338,1J_qMnsxbqwGg159P95c-Rc4vcYJ_o5UA
336,1qi7Qkq6lCy8rkRSl26R5hNIh2JSkPRfr
337,1xXWBj4g1czwTi0RO1jvzD8EXCkx_-j7M
335,1ZvhrnloKATnirnS53cjSbair70ZKst6e
334,11Klc7LKixpKyrygZ0obSoz5Tct3hBBGv
333,1Zfj8HZeB6XdD02kcAWqLXsr-PhfW7Aya
332,1UCgSr6kinlo04RrnV2wkjI1Hz0iwebtw
331,1FElXSxBuo_Z2LGqkcvyJhq_mX1n3IagJ
330,1Swj4nOU24OQhAUzKB2aMGJ5zPK5LL7cA
328,1kWRjbX8PJHfafSMO0yvX8ojrqS9G_k6g
329,1zCr2edJnKn41OMI03Fg5xLAmGppZVyPi
327,1RAQJxuUsF6yYlWgXlkuuOO54RnELORmr
326,13HSYrg_hX63aN39GfBaXxVo0pJpmmdMY
325,1ZZu-HBlnp56csOKdnxqPnjx_hVGAOptB
324,1wPkkzp1CMg24OUbYKdGjz-kQPzQRT5kv
323,1UEuA0OvzRrkOqwvQUrwvQaRPTUsI0Z8N
322,1kJSq1MIVWp0bPpYfVG333UfjWcRL0HlX
321,10NkSXYSpRBk2frOI4TfoQinK98dJfln6
320,1smooCvt2QjrGMHRrD7mQ0Rt65c-3gLDR
319,1SSZxh-lVEqZ8jqRcrBuVCJxCeSYq6DQf
318,1VBnynxwbitFpZPhKhFEkkvObLrL0eajS
317,1uROuypDJc2O2QsZEZduJduW3Ual_GxeW
316,1QMK753PQIFqQoxuwW1ygHX9-j4thwmGl
314,1bOK5I-UCBw-19_9kwAPsgCJ5eIuQJuns
315,1dC6GdIT0OMbo1SWNZ-_Cu658Wlsbtba3
313,13RtV7niqBzu3b00eFYPtpk8RmqIdqBHp
312,1Bxldh4Md3CD3fGZIiqVPmydmc6XDa9sy
311,121BRrhOFbwW9P7Utq5oLzCN2FM8vOGm1
309,1NMDUz-D385Y-tKnxgNm5sh6o9aBzWE7E
310,1Z8u0vJSkr90wWpH2IYee1kIAV5iddYkA
308,1bOkmNoqrlsBbNkZk8nT_ltEsTKKdWrr-
307,1lbz70xcv62MGjvAom3Xh8Bsb1Etv7N5m
306,1zIIGBF4EQr1iMK3kZUjsk6Xysk2pC2e7
305,13eZ-nxwRG7LbCYMMCTutgRu4oapRsnJU
304,1N0EARuZw3o2DAo3seHv-sGG5JQjre5S4
303,1uvrQtdpBPaYZI0Xb7Pp7X_4lUmjdtw5J
301,1Jeq_5XQa2EE8TQbyCWQEh2aN7aSJIgYW
302,1rPXgb7vLwC6MvWGlx0S-hlGu3QuWBnaR
300,1bI-5aCnehoeE3FYyOOgq89Ip3srrQi5R
298,1N_zDfyYj4hndP1VGLLg9i947nHu0ezPq
299,1_QHpc1rq8DlQeesKzIeNzFdOz-Ze99-k
297,1_yq99u4xoMZ8tBHxEtPavE4LnAtFMXuF
296,1mq5GjbI6MRkDzhOr2qfaxaQkiyJqlawk
295,1hYHCF9NZ_nNIPgzAGa05aldwHSfjpzDb
293,1asCpPe2-XIjdXQ8ye1ylhvF9pgGFLPn5
294,1tUnvP2WhrKj-mQgsLQ7i6mMsPZ5EDiEE
292,1vP60GecUMndZK7rlT88qomEXhQE87q27
291,12xerpJNz2ZFZcCBgL0A3DoC0MAcnzHQc
290,1c79lWMo5mlvAPEUge69WKEF6A0buL_2p
289,1Jt_tc_MepCpfD8Fbfv4SjpHDVI-UWm4V
288,1dSFdkdRHNtS0wNYtqyrobFS_g7yEdzRP
287,1GhWDgDVWDAHOmIzs2YLkiP0u6O8j0g56
286,1S3D-D3gOJ7MAq9FiiRq4bD6mlnt626kZ
285,1r2D4pLEvd2f7C4TWJbCGj-IRFiKxlWEA
284,1MLM5RHOdo9tFxi7lKju6V7TTOfZV-7sq
282,1kCZlU9GDcAAM4rhKxXtuxxFWhCVhwidG
283,1qeFOxGODMVqf2NE0whhlfF923EENV5TM
280,1gxC34W8jFbwB7F73NIQtNXULlI38tpbM
281,1wgBwg9KiKL4jqbSd7lSUMNnYAZZLgkBI
279,1l22HnIxnNW-vBQbWg_gLX-4QN2i8rYSg
278,1S050tr5LZwcb7lcEQ7ZWYZ9Dn76AHhS_
277,1e7RDOjJ0UmziinmGk1n9NWpjuXWP8kb7
276,1zWD1tJGRFCIRtJU0HQfOpM6nMwCVOFE7
274,1Bfe9I4XJnSDspP5L5cLNC4BsVJ8Rl665
275,1PmFM8iNvEVksTzI51fhTV6WiNM21nEfq
273,16-k0QQOxMYVL8f5se3VUaAUYjgIR0NTq
271,1Nrxf6-8bI5N53NlaCZ2q3NxR92fFNBDF
272,1ljS0oRtmvncz5l95IdztoLgw6OUw5fLl
270,1AtJ7-vSFIuHNCbEHXxoKBae6JznmvlMC
269,1BxDb83McLgPKEQpxbMVuNJLxohodPKO0
268,1CLcc69HCQkt9KOTATtfUGECA9sW45xU2
267,1OZGvly-X0mp7Jw7rud_Yg7gHSeuQ36Uo
266,1mRHtUKAM9Ofl2Fj-o7mfNtIf75z1281i
264,1LzEUy_qmCZm9j6csCZ7sNDmtZU286znQ
265,1aKRgJLEE3nLPpN36_eMVftagHo5iMRnw
263,1IlDENzbPVUioAzm3MdSYFu8R7M6bw93w
261,1iG_CCJcKmBF2dRPE2sx6trPYVt00NQPU
262,1yZwO49o1htgT6Oi3u3Mxvx4H5urHwIlj
260,1Kpa-n56pPTmfqURusdcBCUybNG5wdkEi
259,17zEPcfsguMFMEoGDCnxePvHEt9-B8mr_
258,1qWtSDJqH4OmXMPIYaA4-l_RpYE56Fy-c
257,1CFF4avFm7dwI568l4p-fB2nMsKxz8Bc_
256,1Jeq0d3hIk6aMJC0STL1lTTSY1-n4BeB4
255,1Vtxu2Pr98hiExSDDu10uSlLusY-js817
253,19OipMhh3-y-fuvGztXtVcONmXQerdOqL
254,1qBOv006qLEXhhnQtGCW6UB-cVk2qgpvr
252,1mkYoayJRMaGBuD1ajPlITdkIj1l9Hrb8
250,1GbKXY6dCdIxtdm_BmzbKlsFolAC5wUa4
251,1XX3qmVdxmgWVfJlrZEsx_RKq91o0S1WT
249,1gYhQ3XA1WfkKown-3Sy0hFY2HkycHj87
247,1atHZZEyJ1giHLqOX4Q4mX1IaYjWWPSjE
248,1tgazCTuHjlDsdsvdNhnOmD41IZ8zvbXi
245,1J-9D4eGH_8Ie3xm5TvI14T8yblvgbFI5
246,1OZI10b2ktPxbsVovJgcPUSkzr5ok2MT9
244,1synt1Dy-IVP7Kg8yHW_dU-TA8nx3mT0W
243,10fdbaGm4mkdow0AN5b2pNj8NbEMBtqZe
242,1A1_rvDAYMrDBjp2Xs8sLLKDsWXqa378Z
241,1Hn1sCxssBdCgT38PYr2-mz0mvbOYLUyD
240,1WNIe-SwdEwK48xi-dCXoofr9Sn9B_BrA
239,1uovVhg2HZZsWsZ_w7agUvOALrtUlhLEs
238,1aH2fwi-h8ZfoOpcivRzFvQ8klFZnKrUG
237,1tC14L6fQzL0rrYnF4tFSnVIqefAMxWAv
236,1MoRAPosqTLOC9OjwnnxBoAamxvAyDJ2C
235,1O24B6-l0x-b7UFxuVTPjv0C5WQTUP2Zc
234,1v5I4n6KJpM5q2QceYugTxXrcnFCl_luo
233,1OP-XRRWE-dXgXDkE-ElPfaPzA3AeF2BS
232,1x94g1o6zrmURe4nuhSZzXepiz9JlV1TS
231,1rk-dDdufYG9piqCj9MCXNorksUZsE8OQ
229,1WJBkC80nfKp44lgibl8ceZ_FMMTmhu5-
230,1hTIWEkaDyoc2oXBiMCSVWRY1d14x25wn
228,1r6maHeIIZnI52hTxutuBcmcB-FPO_lvX
227,14smZMTUxwtjK1G3W-6CcL1Q0kEp737i7
226,1dQSmucZYaPXBGm75K7hOTdNOr3eolgSY
224,1_tnybnqaVjmVwjuKo7Az3fmLoTbaGYUE
225,1uvfe6AoHtXvtGVbF5FQ3BpzeOe4AhItl
223,1bvNDFLWg4qBLHpibhHMTkWGG781CCU5i
222,1IkdsMY1rljWF3l_U2Ikg3zVpuGMUucY6
221,1MaNPr4a-SdtkgOif8M9QEZ9S_N9vOjzv
220,14wm8YeDwcoWYpvJTcbg_RYkuv1Z6Kt0e
218,1MutJdPCerNcWdV6TUSoe5PW7P3Jcl6YS
219,1rJYoPJn0YVKO1JEbcbzqsouO4RtvUWv9
217,1_18k_NGIc0kX8lX49554b06n5M13QGiV
216,1aAx7BeCq1OrsQEWIT_MW6jyZzrnQd8lI
215,1xSifC3q9yG0vab_XfOa6zapBUtYgRG9r
214,10PftdOqrS-OqwlKq5e-lxeZGvo_2qPPX
213,1cKsiCrlyWicU7XlFERJPceL2PwqNC_X0
212,1gQ4iNSutCpUpxuIJ7ixFQGxnS0_rNzVc
210,1TMkP8AX9ID7z17-Acv_uhYMo_HNUEQq0
211,1Wde7Jak0nQId9SfMDsOrl6XztRlN4oC2
209,1RiwtNRX7QE9XntsJNKnzW-3P1Q597rSv
208,1vtwmJd8v-mk-_rAA492gslL1YBD8wfnZ
207,196d6D88GWXUh5wc3JXUvAlfzu3RO_TOt
205,1lxBeEgHyudXDZndUZGw0MDSFPU7uLDtr
206,1xSsuY1-pZFd-T5ZJaZ9TRklHPgvSoGR-
204,1BSpt9FSox2EwBN6zrP6SDOwvbXlQMn5Q
203,1bW3_hdGi-aEf0DYS_nhlf4txcGPY6HCI
202,1K3zE3kg94s_7XmsO1mOixeCJw17fCjcz
200,1co_dtaThwUQHr-VkRouFnA6LV2xO69Oi
201,1l93t9pBGe-tLBDI4iHkZUfLkZ9wbvORJ
199,1jk7ku4K_yEgFkAlTfJNG037iR4Hbehr8
198,1MmfIO1CdvzdwGsmFR3ScHMWiTNtsN86f
197,1oqq-6rxNOqfROGMNljGl5MNTAnU18tYC
196,1CTGRZ8CYwkuXt0IlxXIdhhLIkAiQFO0k
194,1TV49x9CPNsFYH-7xnOBEoeRXxjeh-379
195,1tNYrWxB8OFLIX0fGd6-6FAwyYw15VWSb
192,1Di5v0assiVifaD9uBSxU4h4OJLxMqqwi
193,1EIe1mPLL-d90Zf3M7qLcfGX-E-h2LtzR
191,1CgZFAk69SpfIEgiIPb17FlQh11eiAQXs
189,1sy3zFImffd-tGCuo9mEj9gLBnxsxDvfJ
190,1tE5WoiRptzg5gwXZiLiH400FYMuLzLmc
188,1NNiA-UUHeYy8IC98sq9bzOWuvxF9sW0Z
187,1AtOCD82jvJjt6mJTrpZYOC7RRFP0xSiQ
186,1_SNihO0EvJD2qVBMCWGdBHLaDtpEU-z1
185,1EfBdOMFX1ivtkgnD4TcfhfWbCogAUSly
184,1d18mtVQB7YSaYMc5s3CeafIRloSuj8_I
183,1Smg-6p1g3JAcRhkt7dXfkGpD8-0R0AnO
181,1IRSH4RzEntvqAgFQ0R0YF12bfx2RYAP-
182,1m63Bm8BKqAa8QsHE5O41G7bmvI1OXp4u
180,1U3TD5rKjnleJMKI595dvipqWMhBdu3_I
179,1IBP41ctDaZUPKWONsXEJK6QUVqgh9Itp
178,1S_TFeRxaU42dO5VuTyNqYFRzpsuLDYK7
177,1PgmoI46IVNeBNP21jPU9_to2vW33GosV
176,1zOlELlT-0i9fxi89bLTXb4viMk7h884H
175,170M-IP_mDonyeRtnWwkd9cQBnbJEdTEQ
174,1WYAdYHAAfdZdhDwg83R-nzBvP63IITzP
173,1YXpoR2J8aUiAlIWkNcQhd8lReM-ijL5O
172,1KAWscdOm3Cb-qWy-DfZ185bhIaLWPCvX
171,1G9JIG_Ekm5bXNeiK_V93OQ4c86NGFWs-
170,1iiofK1kXJUnqwsOhw4yrz6XVRCQD3hQT
169,1-DmrFP4NqBEfezVoJnyE8YYtsG42NjaD
168,15Vl_4ImT4aePanTfp1UaAB8FBn4bU0gb
167,1_w3gweOOdsG93jTcQhf41ifts4qx-SoV
166,1GyUFlfgtIgLWUHfUKRKBECb5FlaASvEg
165,1Rrd73jHtOX1l9M9eXcQCdXyLklg68klz
164,1ndTUuvStMWq9h-oEFxsZCtqhb1olBKZb
163,12L2fr912sxdwtlc40H1R8ryYq7FveUkp
162,17iioYCtRQ6OMDzONNuvJE2IpYN24Z2MF
161,1T4NaTdomxJECvFgFx27_0Zbr7c722hAe
160,11Aw8JgP4HLmz5Y5KXrqbi1NJomY7wXZn
159,1MDbWUTz18UFA-MKjH6mM9Ym9Qv1QtG1e
157,1Ja2-22lStTlFfMU4SRW4tjiVATo5rXnl
158,1bQA1NnVHZYTQtNS41W0zmjZXGBYZVKXo
156,15xZaNFzsHErEOyclEZaMoPOatTQdixN5
155,1327KYy8oWBjBMKuY6RFjBhv76kDAdyX4
154,1PxH_1X2XdQ7Yos261wc7lSnakNZ7aGmR
153,1c037JAGEDUngwdwbRRXk0ElGkI5Bnyu9
151,1-DSzYY4X0TaUamzBG333-WoLOvpNCvH7
152,11qilr3rV6jHGNS4Zch-njMPGSA0nqut-
150,1eIjy2VsLvLkZncH89HLgF3llX13zbz73
148,1F7mEcPBiOxbcoH_bMq_HJm4UMRwnO-px
149,1eSC-mvPG5RbN0DQcAXPOqijBqIrf-qvt
147,172Y8Tkz7jXOuv28rZZmP6IwGvOQXWL_x
146,1_BQh528FylTkifo0wxLFCyoB3YXF-inK
145,1944ZjuNXlWob-qyltrl0yLuIrqSI3Boz
144,1AcCxpdmRzabzNUnCS55Q3N8HRTo15t9_
143,1dS_EL1QieqXQBIHUzDy5uzoaRp2BuKYb
142,15Zjm2b90cPq9OOCZOOYxPNK2wY0hiL66
141,1Y62zBNpJ-K9R524putKBnswDcva91o2t
140,1faVAKDEhbfhihmrYl-PNBAyEy7xJNqHa
139,1dxwAtjZpuZvIfxVrhsWzweS9nBawFWCH
138,1xA_UKBf2x4mmyDPV3c2_W-DOoPydbqFW
137,14cQwjh4HpkGzUoLZxXR3WHRJHKYfs7BC
135,1QgXXvPhalNiUeuE1ZhOtdl3ofX3GSEfx
136,1iQryMuXn3JLydy0TkiuPeys61dTs90Ug
134,1MaPQSlRxP3L6WS7A2uo-O3lwCP76aaUG
133,1gXwa7uZpw0rzcUzvToVnS-z1wRc1ZNkg
132,1jenwlYLnKFq8l6PSjjSHtPcf9NUtX2Vt
130,1-71baoTY8pvO7kPHH92mvS_9oCy0LQay
131,1NAE5dYTGMVmQIG1NGwVfvnoUc6HWaPoK
129,1Plq_HxBrjPupLCnH28vTVsGjkIytjCYH
127,14Tm1i2Py-C-pTmrxAl3FvhOL0PRWp_h8
128,1s-2tUz3fMj-dgK2FvHZpzNKQglLdbudB
126,1D-DlLAsJuyHxj99UIX37yWI2x1_2zeLT
124,17rLNsFRUbKNZ507fzskEprUTtqeTB3Hi
125,18_pBMHV5srbbXnl6LExp8lREhSVl0qFr
123,1D1f16sginaOvaxCt0_MV1bA1pRMYb9WD
122,1YIkRn8Efg0TMdhCpEM26Pho6cZXOxTl_
121,1HL3x48xT7bwa6NQYZAXOfIQGVxr8DxFv
119,124COaeYa2GvzHxOP_3KWcpShAGS6o78p
120,1BPTCjIJp7UNTAIHalybQ4P4sSkNIS-ls
118,1yF_tNPi88NF-8mlxSN_L1nmkpz0n6ITm
116,1B0RL7stZPZv_5_5sLGXX_XmhwngDDXsa
117,1mc_W8b7TlTgf9KEEeta47dr4gOuMlkTz
115,1rS2yquA_tgo7BBz8bLCjD4yG8VonhFxU
114,1Bmo-BUgqmmGjYC6XYCCXyeO8SvyEw514
113,1elHQxRy62KZVRP48x0KqtMrK9Uqc6y5t
112,1NP-EqdU1PXhY6hzuTY4NId167-dl5jQQ
111,1o5miFUftkD3sY6SEBALAcomLdufj0R2f
110,1Ta5d3pKgCyG-GYytptk2VUdQwY0dJK4M
108,19h9VIpIngRzGZkBHuZGTnjjfb0o9X0Rm
109,1j2lYTeYKsNZlmq4UAfq_qsZl5Jo6F3og
107,1STpvwFZCNDnP94FmcfRxlx1fHJ6LLOC2
105,1-mLoHr1iY_Oyw5DV8sRdVF0xdTlCQuFF
106,1igwRgYfeo9taLknQG7rTx-oRFdmfgYSu
104,1c2t4iIa8MRbFnBYDDGEHza-799qaTqTE
102,1BcCWqQuXnyCtv8rMtr4hlVBg20lRQju5
103,1nI0-bbaXlC5uu7LYMEVD5jdQ8-TEsbDC
101,1jyRjkyQwmeaCHYsz6FzXcjPEUWcwTy8W
99,1CwD8A4u8rzdgmC6B-A-a-Nn61IiTCTam
100,1nkBV6ug4WmawECpaWejSDzsdIXSJ8pyt
98,1nS-uVmLhfakzYUktRcULsB4q0EIeWQ1J
96,16CAW_j2j2imMOskb8406n-CImV5h1tos
97,1RrSV2ncyuH0Bbj1ojrOAuCL157_Y8fMo
95,1QxnBtYUYvbvXquuxxPPGyZvQ_eogRSJI
93,13AEOueBnDxtrQ4n-nVNW0_c-6V6voSxK
94,1wlSBDSi_p7qbooh5wiQ6PYrw0solzZkr
92,1RHgW4VUmQ5qqA0oOEo0svXkrnkU1vQF2
90,1Ye9uo0r7GLjdCHqn6snUTx4cxUZ93fuI
91,1iCFoVP8pSteJ9XO7TsNhytcu1Zs5zn_c
89,1ChO8GY2jSVsJr9tZoYe2aTJqinJ-0Xat
87,1AXnRpVcVAj3npfIITxR9f18PBqm-Y28O
88,1BwO8B61m4JNweKF6a1JADwG119En_HhY
86,14QR0NSoxAJvQK7XK_UwImYmuvq59MS1E
84,1MaFRMKqvEu9dLQolOFtUfKOKP5bebzb5
85,1j3-2XKahi1fq0Nn55_7GLtYxIR2qqfLj
82,10bZesmls3TAfM7NNmdv_qRKlyF1NHgmY
83,1zKY-ecniQ049Lk5HhzWBMtP1yHclXDBE
81,1J4F6NGsI2oJG9R13pxVypEXYf0VBvBaQ
80,19yWSr4L_9bkbcqAoCup5j9Leap2T3D5X
79,1lCyPnznrJeJwSve7TKZOj_QoihLXm55u
78,1FEq0LLTlUOPGTC7hHHYe95T9CGydFYdP
77,1YD4mAOQ_OEi335-g-3id3gdyoddliTjb
76,1zyhUPYfAWitGbsxc3xeM3njHMmDb4K5U
75,1D-hlIvkYzAt84mnlmcaJZvxWjwcMd6q7
73,1MPtBHitHO1v1SgK1hj-v3DjlKgwjB5fw
74,1SxOZzJRZmOZpJU5LhgRe-YKekTM2ZfSb
72,1BidyVS1eZ9NGOjO-S1_q-aRZricuBG42
70,1GgzPypo-nJ4HGP14SXQAx7bB4Amo4jnn
71,1KwGz7sNSDMQ6qxqNBMausy2Robq_kaHg
69,1XaxSjTilo722PcwjZtAVZEFqb8KwrjP0
67,1G00tNFx5XM1bQapbEgn_fmnwjhkisJKJ
68,1P6D5WXGiIvtd5EXQpzn5n9dSWgUc7nUT
66,1c80FUCQPeoNxr7oyaTC2ko4DyodusGMq
64,103ohtDZvx-H1XbWRuQnSA_5Ej56sCQZR
65,18pOxh4rrfAH0_HDYYCZnD2zvoDvA9ZZZ
63,1SAIY0aigVkm9WieoKiN9xXYXTRGAOqCy
62,1gNXI1aZ45BQ-LzHoeuOm8ISMod866vL4
61,1x5RP4aLLNTy_Yf6pqBXwZtD5qdOgOhy4
60,14s0MUXGNNPcXwtkXuwjptscb0qFkzcdP
59,13E14miSWbdeO462HgrbHiZadcKU53oRo
58,1JsaDwyy5kQDskgTjuZwTIZ441r6w1Mqz
57,1dF8eUSyN2BSzqPKaMlUP9E3VNu30QqDf
56,1FmNT8_vmkPi3sSXa2izSQ0KFdmdmU_kX
55,1wPyqmd7uIA0-pCP_erCzNAHDlGCCOVzA
53,1Lig71GDE3JTTQDObMmqHibpPMyPnLOjy
54,1yeR1DlIg6UOgGsjbPitKQwX9wIa4KAI7
52,1W9xdznlT4enVnx4n34ZIT4tKwymhOF15
51,1WebqD90bZmzgHton7UjnRf-QyAuknYrV
50,1YAS922v5s3KNLkSxRGZXjd2yQnYJImL_
49,1PpRLGVBT_mx0Qd8dyY9vmzRwT-c0PQog
47,15SLFJQb_6Kl9POr5g4n8_3UMHRBGgq9q
48,1wc65nISRF8k2zWuxAwB10BDk9KFqog0C
46,1r4xIneRKmSGHjwCrVbIH0CMEiH3bQDRn
44,1rwV7WFBMBRnC4RIqZ1wPYWkl5vUEzk0Z
45,1s96VpFEpfhcJyVKzOSvUbrQxNA9O6NFM
43,1z2WNKdY9tUHXdh-QZmL4AWsk2Wez-eRG
42,1sJwEl5apcK7p4neiEM9c586OGu37t1JJ
41,1tEKZLYk4VMkpp1paSC5pIioLwuMW9TSD
40,10oHs0MoMVIuEMGdg6S3s6SdDf-tdvxpv
39,1fKCIH-XPXFWWKS4VOcS-noUzCK5aj5dZ
38,1ilQvkq1MJgpkFfRG0AZPfhrEqdS-sTg-
37,1agU2EP8gyVvaiiChEEhGtxHOn9yKXUrI
35,153xnsLL94Muv22MCEEkpl7TLqnuHRLFO
36,1L0eQnUnWWR_LIBP0rR6XbzsS4loW6TMZ
34,1-JB7JEsmpeoVuaZAhnlCjBGOmsWPdvdO
33,1pFF_u8ituXHU3-9TjYC14YTXvYZGoeYN
32,1pJuy2jZue2ezG3x1GBbMN7u-uim-JyNa
31,1oDbbWo76rJJ4QE_zLghkjabY1jRWlAKM
30,12-QpgE4fs8PhSG2LrfAq7GP9PQxj_wVu
29,1OXyHaAconxxj7_pHwJOjAvMclcCTcCHf
28,1imiwbQXeP7QQEqaEPz1SKog9XheghBFZ
26,1MnoIosZC6JhpYw5_7OZeyG9uqtCs3hr5
27,1U1FJA9vMgTRDYqye-5iaiZL1oK5vcvKD
25,1OaORIvBFrq41DVoEvobAYPJ3Lfx-RtYE
23,1VN63QCkhwYJG1kVU0EAgkwv1Kjl3ENqm
24,1t9hgWYbvHDRbwRmVlqiKpWZmbYM3CIHx
21,12xlWdczhu6XvePn7PEl26kHNQPWSdfBK
22,1ZKPeB-iHDqw0CmRdbJG1oCd-90kaiiP8
20,1Xxwds48j_h15mZwpyxZjs0WQMxl9A6Em
19,1iLgKWaJ6LSv3dTl1ccAolrA8g8pbQ85I
18,1tH2um-xSOLvZuOG4q2LR0Nrt23rPjR83
17,1O2iJE2jso91cqnmlcDJalPkb5SMLO0Er
16,1URpT4ejoJKihKLXfhG4QgaahdliLBaQC
15,1uqY6WLzLRBXqAwGM3aop6kl4-IIMUJr8
13,1NO1JGHtFhxuNuXTW-ubcX0_UZVUc8Wh3
14,1vjTI5VHcTgZIa-bQDeotHk0xg8R58IGg
11,10g01QZhuXceDODjQuViDdP4NASp14EVL
10,128RcvadzpxxtskbFEwCTTY6qGbuyvDlk
12,1yVpMLUVau0cl47XLJnDnwkMzJnBMZzq4
9,19F0RbRtJC9ocvjH0V-8m8azQQ9gQ5iCe
8,1YEu2hKFhwqRaV9hPhza9CJpjcV1kMU2_
6,1ecMNGxkptUJVWy_gcfbujzK6vEkD82y1
7,1ukvsOCeGclfq-3gOf6Rueslg8T7QMPPQ
4,1YYhO8anlaNv369OtWvXzAlLMpykmfbyi
5,1fswfvqhVD-gEQfG9orP6THutE7gByuev
2,13yLC-2T_yVIMqLMznnMFNMSSYuAv8hjJ
3,1Gb3rPK2zgqmhNmmIjAYardpaxdu3ECxB
1,1ANoVITtXiCx9kBlq3VLubo5IinkZVfU4